{
  "project_info": {
    "project_number": "470242590113",
    "project_id": "projectweb-65f88",
    "storage_bucket": "projectweb-65f88.appspot.com"
  },
  "client": [
    {
      "client_info": {
        "mobilesdk_app_id": "1:470242590113:android:e99b774d276bc7fd4c9fe0",
        "android_client_info": {
          "package_name": "com.example.projectweb"
        }
      },
      "oauth_client": [],
      "api_key": [
        {
          "current_key": "AIzaSyB0v6nedlADJqiowRgu0A57SxVL5yK35uI"
        }
      ],
      "services": {
        "appinvite_service": {
          "other_platform_oauth_client": []
        }
      }
    }
  ],
  "configuration_version": "1"
}